[{"model": "products.category", "pk": 1, "fields": {"name": "ring", "friendly_name": "Ring"}},
{"model": "products.category", "pk": 2, "fields": {"name": "pendant", "friendly_name": "Pendant"}},
{"model": "products.category", "pk": 3, "fields": {"name": "earrings", "friendly_name": "Earrings"}},
{"model": "products.category", "pk": 4, "fields": {"name": "earrings(set)", "friendly_name": "Earrings - part of set"}},
{"model": "products.category", "pk": 5, "fields": {"name": "pendant(set)", "friendly_name": "Pendant - part of set"}},
{"model": "products.category", "pk": 6, "fields": {"name": "ring", "friendly_name": "Ring"}},
{"model": "products.category", "pk": 7, "fields": {"name": "pendant", "friendly_name": "Pendant"}},
{"model": "products.category", "pk": 8, "fields": {"name": "earrings", "friendly_name": "Earrings"}},
{"model": "products.category", "pk": 9, "fields": {"name": "brooch", "friendly_name": "brooch"}},
{"model": "products.category", "pk": 12, "fields": {"name": "bangle", "friendly_name": "Bangle"}},
{"model": "products.category", "pk": 13, "fields": {"name": "zz_del", "friendly_name": "Personalisation"}},
{"model": "products.category", "pk": 14, "fields": {"name": "zz_serv", "friendly_name": "Service"}},
{"model": "products.category", "pk": 15, "fields": {"name": "watch(gents)", "friendly_name": "Watch (gents)"}},
{"model": "products.category", "pk": 16, "fields": {"name": "watch(ladies)", "friendly_name": "Watch (ladies)"}},
{"model": "products.category", "pk": 17, "fields": {"name": "Wedding rings", "friendly_name": "Wedding"}},
{"model": "products.product", "pk": 1, "fields": {"category": 6, "sku": "101", "name": "Heavy Sterling Silver Mans Celtic ring", "hide_display": false, "can_be_engraved": false, "max_char_engrave": 0, "price": "90.00", "source": "MTO", "item_lead_time": 1, "promotion": null, "image": "101.jpg", "image_url": null, "description": "Heavy Sterling Silver Mans Celtic ring", "rating": "4.00", "created_on": "2024-01-31T11:47:34.640Z"}},
{"model": "products.product", "pk": 2, "fields": {"category": 6, "sku": "102", "name": "Double hearts and cubic zirconia dress ring in nine carat gold", "hide_display": false, "can_be_engraved": false, "max_char_engrave": 0, "price": "170.00", "source": "STOCK", "item_lead_time": 1, "promotion": null, "image": "102-1.jpg", "image_url": null, "description": "Double hearts and cubic zirconia dress ring in nine carat gold", "rating": null, "created_on": "2024-01-31T11:47:34.640Z"}},
{"model": "products.product", "pk": 3, "fields": {"category": 6, "sku": "103", "name": "Vintage style Peridot and diamond dress ring in white gold", "hide_display": false, "can_be_engraved": false, "max_char_engrave": 0, "price": "800.00", "source": "STOCK", "item_lead_time": 1, "promotion": null, "image": "103-1.jpg", "image_url": null, "description": "Vintage style Peridot and diamond dress ring in white gold", "rating": "5.00", "created_on": "2024-01-31T11:47:34.640Z"}},
{"model": "products.product", "pk": 4, "fields": {"category": 6, "sku": "104", "name": "A lovely colour stone, Tanzanite and diamond set in white gold", "hide_display": false, "can_be_engraved": false, "max_char_engrave": 0, "price": "673.00", "source": "STOCK", "item_lead_time": 1, "promotion": null, "image": "104-1.jpg", "image_url": null, "description": "A lovely colour stone, Tanzanite and diamond set in white gold", "rating": null, "created_on": "2024-01-31T11:47:34.640Z"}},
{"model": "products.product", "pk": 5, "fields": {"category": 13, "sku": "9901", "name": "Engraving service", "hide_display": true, "can_be_engraved": false, "max_char_engrave": 0, "price": "15.00", "source": "STOCK", "item_lead_time": 0, "promotion": null, "image": "121.png", "image_url": null, "description": "Personalisation:  Engrave an item with a name", "rating": "5.00", "created_on": "2024-01-31T11:47:34.640Z"}},
{"model": "products.product", "pk": 6, "fields": {"category": 6, "sku": "105", "name": "Simple traditional Ladies Claddagh ring in nine carat gold", "hide_display": false, "can_be_engraved": false, "max_char_engrave": 0, "price": "165.00", "source": "STOCK", "item_lead_time": 1, "promotion": null, "image": "105-1.jpg", "image_url": null, "description": "Simple traditional Ladies Claddagh ring in nine carat gold", "rating": null, "created_on": "2024-01-31T11:47:34.640Z"}},
{"model": "products.product", "pk": 7, "fields": {"category": 13, "sku": "9902", "name": "Gift wrapping service", "hide_display": false, "can_be_engraved": false, "max_char_engrave": 0, "price": "1.00", "source": "SERV", "item_lead_time": 0, "promotion": null, "image": "giftwrap_resized.jpg", "image_url": null, "description": "Addd gift wrapping to personalise your product", "rating": null, "created_on": "2024-01-31T11:47:34.640Z"}},
{"model": "products.product", "pk": 8, "fields": {"category": 13, "sku": "9903", "name": "Gift Tag service", "hide_display": false, "can_be_engraved": true, "max_char_engrave": 40, "price": "1.00", "source": "SERV", "item_lead_time": 0, "promotion": null, "image": "gift-tag.png", "image_url": null, "description": "Add a gift tag wth a personalised message (up to 40 characters)", "rating": null, "created_on": "2024-01-31T11:47:34.640Z"}},
{"model": "products.product", "pk": 9, "fields": {"category": 6, "sku": "106", "name": "Classic style ladies gold signet ring", "hide_display": false, "can_be_engraved": false, "max_char_engrave": 0, "price": "275.00", "source": "STOCK", "item_lead_time": 1, "promotion": null, "image": "106-1.jpg", "image_url": null, "description": "Classic style ladies gold signet ring", "rating": null, "created_on": "2024-01-31T11:47:34.640Z"}},
{"model": "products.product", "pk": 10, "fields": {"category": 2, "sku": "114", "name": "Shamrock pendant on silver chain", "hide_display": false, "can_be_engraved": false, "max_char_engrave": 0, "price": "38.00", "source": "STOCK", "item_lead_time": 0, "promotion": null, "image": "114.jpg", "image_url": null, "description": "Shamrock pendant on silver chain", "rating": null, "created_on": "2024-01-31T11:47:34.640Z"}},
{"model": "products.product", "pk": 11, "fields": {"category": 1, "sku": "115", "name": "Sterling silver wolf-head pendant", "hide_display": false, "can_be_engraved": false, "max_char_engrave": 0, "price": "500.00", "source": "STOCK", "item_lead_time": 0, "promotion": null, "image": "115.jpg", "image_url": null, "description": "based on TV series the witcher", "rating": "5.00", "created_on": "2024-01-31T11:47:34.640Z"}},
{"model": "products.product", "pk": 12, "fields": {"category": 8, "sku": "116", "name": "Gold Opal earrings", "hide_display": false, "can_be_engraved": false, "max_char_engrave": 0, "price": "300.00", "source": "STOCK", "item_lead_time": 0, "promotion": "4", "image": "116.jpg", "image_url": null, "description": "Nine-carat gold", "rating": null, "created_on": "2024-01-31T11:47:34.640Z"}},
{"model": "products.product", "pk": 13, "fields": {"category": 2, "sku": "117", "name": "Gold tree of life pendant", "hide_display": false, "can_be_engraved": false, "max_char_engrave": 0, "price": "285.00", "source": "STOCK", "item_lead_time": 0, "promotion": null, "image": "117.jpg", "image_url": null, "description": "Nine-carat gold", "rating": null, "created_on": "2024-01-31T11:47:34.640Z"}},
{"model": "products.product", "pk": 14, "fields": {"category": 6, "sku": "118", "name": "Gold wedding rings with Ogham engraving", "hide_display": false, "can_be_engraved": false, "max_char_engrave": 0, "price": "999.00", "source": "STOCK", "item_lead_time": 0, "promotion": null, "image": "118.jpg", "image_url": null, "description": "Ogham engraving 'Anam Cara' :  soul mate", "rating": null, "created_on": "2024-01-31T11:47:34.640Z"}}, {"model": "products.product", "pk": 15, "fields": {"category": 2, "sku": "119", "name": "Gold tiger head pendant", "hide_display": false, "can_be_engraved": false, "max_char_engrave": 0, "price": "999.00", "source": "STOCK", "item_lead_time": 0, "promotion": null, "image": "119.jpg", "image_url": null, "description": "Yellow gold, large tiger head to represent Chinese year of the Tiger", "rating": null, "created_on": "2024-01-31T11:47:34.640Z"}},
{"model": "products.product", "pk": 16, "fields": {"category": 7, "sku": "120", "name": "St Brigids day cross", "hide_display": false, "can_be_engraved": true, "max_char_engrave": 0, "price": "80.00", "source": "STOCK", "item_lead_time": 0, "promotion": null, "image": "120.jpg", "image_url": null, "description": "St Brigids day cross", "rating": "4.00", "created_on": "2024-01-31T11:47:34.640Z"}},
{"model": "products.product", "pk": 17, "fields": {"category": 2, "sku": "121", "name": "Gold engraved Anam Cara pendant", "hide_display": false, "can_be_engraved": false, "max_char_engrave": 0, "price": "475.00", "source": "STOCK", "item_lead_time": 0, "promotion": null, "image": "121.png", "image_url": null, "description": "Nine carat yellow gold Anam Cara (soul mate) Ogham script pendant and chain", "rating": null, "created_on": "2024-01-31T11:47:34.640Z"}},
{"model": "products.product", "pk": 18, "fields": {"category": 2, "sku": "122", "name": "Large Turquoise pendant and snake chain in sterling silver", "hide_display": false, "can_be_engraved": false, "max_char_engrave": 0, "price": "155.00", "source": "STOCK", "item_lead_time": 0, "promotion": null, "image": "122.jpg", "image_url": null, "description": "Large Turquoise pendant and snake chain in sterling silver", "rating": null, "created_on": "2024-01-31T11:47:34.640Z"}},
{"model": "products.product", "pk": 19, "fields": {"category": 12, "sku": "134", "name": "Solid gold bangle (commission)", "hide_display": false, "can_be_engraved": false, "max_char_engrave": 0, "price": "999.00", "source": "STOCK", "item_lead_time": 0, "promotion": null, "image": "134-2.jpg", "image_url": null, "description": "Large solid gold bangle made from customers re-purposed jewellery", "rating": null, "created_on": "2024-01-31T11:47:34.640Z"}},
{"model": "products.product", "pk": 20, "fields": {"category": 6, "sku": "135", "name": "Gold and Silver Claddagh and Celtic band €375", "hide_display": false, "can_be_engraved": false, "max_char_engrave": 0, "price": "375.00", "source": "STOCK", "item_lead_time": 0, "promotion": null, "image": "135-1.jpg", "image_url": null, "description": "Gents Gold and Silver Claddagh & Celtic band", "rating": null, "created_on": "2024-01-31T11:47:34.640Z"}},
{"model": "products.product", "pk": 21, "fields": {"category": 6, "sku": "110", "name": "Garnet and cubic zirconia dress ring", "hide_display": false, "can_be_engraved": false, "max_char_engrave": 0, "price": "300.00", "source": "STOCK", "item_lead_time": 0, "promotion": null, "image": "110-1.jpg", "image_url": null, "description": "Garnet and cubic zirconia dress ring in nine carat gold", "rating": "4.00", "created_on": "2024-01-31T11:47:34.640Z"}},{"model": "products.product", "pk": 22, "fields": {"category": 6, "sku": "112", "name": "Gold ladies ring, set with three round diamonds", "hide_display": false, "can_be_engraved": false, "max_char_engrave": 0, "price": "999.00", "source": "COMM", "item_lead_time": 21, "promotion": null, "image": "112.jpg", "image_url": null, "description": "Made to customer's specification", "rating": null, "created_on": "2024-01-31T11:47:34.640Z"}}, {"model": "products.product", "pk": 23, "fields": {"category": 6, "sku": "113", "name": "Ring with three oval diamonds set in platinum", "hide_display": false, "can_be_engraved": false, "max_char_engrave": 0, "price": "999.00", "source": "STOCK", "item_lead_time": 0, "promotion": null, "image": "113.jpg", "image_url": null, "description": "One-off comission, made in-store to customer's specifications", "rating": null, "created_on": "2024-01-31T11:47:34.640Z"}},
{"model": "products.product", "pk": 24, "fields": {"category": 9, "sku": "129", "name": "Silver brooch", "hide_display": false, "can_be_engraved": false, "max_char_engrave": 0, "price": "999.00", "source": "STOCK", "item_lead_time": 0, "promotion": null, "image": "129-2.jpg", "image_url": null, "description": "Silver Brooch created for customer who wanted something different - the Australian opal was supplied by the customer.", "rating": null, "created_on": "2024-01-31T11:47:34.640Z"}},
{"model": "products.product", "pk": 25, "fields": {"category": 2, "sku": "141", "name": "Opal Triplet pendant", "hide_display": false, "can_be_engraved": false, "max_char_engrave": 0, "price": "150.00", "source": "STOCK", "item_lead_time": 0, "promotion": null, "image": "141-1.jpg", "image_url": null, "description": "Handmade in store a sterling silver Opal Triplet pendant with reticulated finish and chain", "rating": null, "created_on": "2024-01-31T11:47:34.640Z"}},
{"model": "products.product", "pk": 26, "fields": {"category": 9, "sku": "144", "name": "medical symbol stick pin (commission)", "hide_display": false, "can_be_engraved": false, "max_char_engrave": 0, "price": "999.00", "source": "STOCK", "item_lead_time": 0, "promotion": null, "image": "144-2.jpg", "image_url": null, "description": "A recent commission a gold Cadecus medical symbol stick pin", "rating": null, "created_on": "2024-01-31T11:47:34.640Z"}},
{"model": "products.product", "pk": 27, "fields": {"category": 14, "sku": "9904", "name": "Repairs and Cleaning Service", "hide_display": true, "can_be_engraved": false, "max_char_engrave": 0, "price": "999.00", "source": "SERV", "item_lead_time": 3, "promotion": null, "image": "homepage-background-cropped1.jpg", "image_url": null, "description": "Jewellery Repairs done in-store.\r\n\r\nEstimates given on inspection of item\r\n\r\nTurnaround normally 3-7 days, some complex repairs might take longer.\r\n\r\nLeave your mobile number and we will text you when ready for collection.\r\n\r\nCleaning service done in-store: turnaround 1 day", "rating": "5.00", "created_on": "2024-01-31T11:47:34.640Z"}},
{"model": "products.product", "pk": 28, "fields": {"category": 13, "sku": "9905", "name": "Clean&Polish", "hide_display": true, "can_be_engraved": false, "max_char_engrave": 0, "price": "10.00", "source": "SERV", "item_lead_time": 0, "promotion": null, "image": "goldmark-shop-front.jpg", "image_url": null, "description": "Clean&Polish existing rings", "rating": null, "created_on": "2024-02-07T21:02:41.171Z"}},
{"model": "products.product", "pk": 29, "fields": {"category": 6, "sku": "107", "name": "Chunky silver ring", "hide_display": false, "can_be_engraved": false, "max_char_engrave": 0, "price": "999.00", "source": "STOCK", "item_lead_time": 0, "promotion": null, "image": "107-1.jpg", "image_url": null, "description": "Chunky silver ring", "rating": null, "created_on": "2024-02-07T21:32:49.084Z"}},
{"model": "products.product", "pk": 30, "fields": {"category": 6, "sku": "108", "name": "Garnet and cubic zirconia Claddagh ring in nine carat yellow gold", "hide_display": false, "can_be_engraved": false, "max_char_engrave": 0, "price": "280.00", "source": "STOCK", "item_lead_time": 0, "promotion": null, "image": "108-1.jpg", "image_url": null, "description": "Garnet and cubic zirconia Claddagh ring in nine carat yellow gold", "rating": null, "created_on": "2024-02-07T21:36:05.322Z"}},
{"model": "products.product", "pk": 32, "fields": {"category": 6, "sku": "109", "name": "Handmade sterling silver ring set with Malachite stone", "hide_display": false, "can_be_engraved": false, "max_char_engrave": 0, "price": "90.00", "source": "STOCK", "item_lead_time": 0, "promotion": null, "image": "109-1.jpg", "image_url": null, "description": "Handmade sterling silver ring set with Malachite stone", "rating": null, "created_on": "2024-02-07T21:39:45.222Z"}},
{"model": "products.product", "pk": 33, "fields": {"category": 3, "sku": "142", "name": "Silver and gold heart drop earrings", "hide_display": false, "can_be_engraved": false, "max_char_engrave": 0, "price": "110.00", "source": "STOCK", "item_lead_time": 0, "promotion": null, "image": "142-2.jpg", "image_url": null, "description": "Handmade in store silver and gold heart drop earrings.", "rating": "4.00", "created_on": "2024-02-07T21:42:47.308Z"}},
{"model": "products.product", "pk": 34, "fields": {"category": 8, "sku": "132", "name": "Silver 'caravan' earrings", "hide_display": false, "can_be_engraved": false, "max_char_engrave": 0, "price": "30.00", "source": "STOCK", "item_lead_time": 0, "promotion": null, "image": "132-1.jpg", "image_url": null, "description": "Made to Order.", "rating": null, "created_on": "2024-02-07T21:49:18.782Z"}},
{"model": "products.product", "pk": 35, "fields": {"category": 1, "sku": "148", "name": "TESTY", "hide_display": false, "can_be_engraved": false, "max_char_engrave": 0, "price": "100.00", "source": "STOCK", "item_lead_time": 1, "promotion": "DEAL", "image": "", "image_url": null, "description": "THIS IS A TEST PRODUCT", "rating": null, "created_on": "2024-02-16T09:22:55.815Z"}},
{"model": "products.product", "pk": 36, "fields": {"category": 7, "sku": "150333", "name": "Nine carat gold cubic zirconia pendant", "hide_display": false, "can_be_engraved": false, "max_char_engrave": 0, "price": "350.00", "source": "STOCK", "item_lead_time": 1, "promotion": null, "image": "FB_IMG_1590575035193.jpg", "image_url": null, "description": "Gold pendant with 18 inch chain", "rating": null, "created_on": "2024-02-18T12:09:52.342Z"}},
{"model": "products.product", "pk": 37, "fields": {"category": 14, "sku": "9907", "name": "Engraving Service", "hide_display": false, "can_be_engraved": false, "max_char_engrave": 0, "price": "0.00", "source": "STOCK", "item_lead_time": 2, "promotion": null, "image": "406041826140264.jpg", "image_url": null, "description": "Engraving service", "rating": null, "created_on": "2024-02-18T12:14:13.666Z"}},
{"model": "products.product", "pk": 38, "fields": {"category": 1, "sku": "990755", "name": "Heart shape pendant", "hide_display": false, "can_be_engraved": false, "max_char_engrave": 0, "price": "40.00", "source": "STOCK", "item_lead_time": 1, "promotion": null, "image": "IMG_20210206_1527182.jpg", "image_url": null, "description": "Silver double heart pendant can be engraved with short message", "rating": null, "created_on": "2024-02-18T12:23:29.215Z"}},
{"model": "products.product", "pk": 39, "fields": {"category": 15, "sku": "99988776", "name": "Pocket watch", "hide_display": false, "can_be_engraved": true, "max_char_engrave": 50, "price": "100.00", "source": "STOCK", "item_lead_time": 1, "promotion": null, "image": "90021-01small.jpg", "image_url": null, "description": "Gents silver plated pocket watc", "rating": null, "created_on": "2024-02-18T14:01:17.603Z"}},
{"model": "products.product", "pk": 40, "fields": {"category": 15, "sku": "9998765", "name": "Mechanical pocket watch", "hide_display": false, "can_be_engraved": false, "max_char_engrave": 50, "price": "100.00", "source": "STOCK", "item_lead_time": 1, "promotion": null, "image": "90002-02small.jpg", "image_url": null, "description": "Gents mechanical pocket watch \r\nCan be engraved", "rating": null, "created_on": "2024-02-18T14:03:44.507Z"}},
{"model": "products.product", "pk": 41, "fields": {"category": 1, "sku": "9998777", "name": "Wedding ring set", "hide_display": false, "can_be_engraved": false, "max_char_engrave": 0, "price": "1800.00", "source": "MTO", "item_lead_time": 20, "promotion": null, "image": "IMG_20230921_184611.jpg", "image_url": null, "description": "18 carat gold wedding ring set, track edge design and frosted finish 6mm gents 4mm ladies. \r\nThese are made to order so sizes need to be correct when ordering \r\nAvailable in most sizes specify sizes on", "rating": null, "created_on": "2024-02-18T14:18:22.229Z"}},
{"model": "products.catname", "pk": 1, "fields": {"cat_num": 0, "cat_name": "Type", "nice_name": "Item Type", "default_display": true}},
{"model": "products.catname", "pk": 2, "fields": {"cat_num": 1, "cat_name": "Metal", "nice_name": "Precious Metal", "default_display": true}}, {"model": "products.catname", "pk": 3, "fields": {"cat_num": 2, "cat_name": "Stone", "nice_name": "Stone (Primary)", "default_display": true}}, {"model": "products.catname", "pk": 4, "fields": {"cat_num": 3, "cat_name": "Stone", "nice_name": "Stone (secondary)", "default_display": true}}, {"model": "products.catname", "pk": 5, "fields": {"cat_num": 4, "cat_name": "Colour", "nice_name": "Item Colour (dominant)", "default_display": true}},
{"model": "products.catname", "pk": 6, "fields": {"cat_num": 5, "cat_name": "Lead time (wks)", "nice_name": "Time between ordering and shipping", "default_display": true}},
{"model": "products.catname", "pk": 7, "fields": {"cat_num": 6, "cat_name": "Supplier", "nice_name": "Stock / MTO (make to order)/ COMM (Commis)", "default_display": false}},
{"model": "products.cat5", "pk": 1, "fields": {"cat5_value": "0"}},
{"model": "products.cat5", "pk": 2, "fields": {"cat5_value": "2"}},
{"model": "products.cat5", "pk": 3, "fields": {"cat5_value": "4"}},
{"model": "products.cat5", "pk": 4, "fields": {"cat5_value": "0"}},
{"model": "products.cat5", "pk": 5, "fields": {"cat5_value": "2"}},
{"model": "products.cat5", "pk": 6, "fields": {"cat5_value": "5"}},
{"model": "products.cat5", "pk": 7, "fields": {"cat5_value": "4"}},
{"model": "products.stocktype", "pk": 1, "fields": {"source": "MTO", "default_lead_time": 7}},
{"model": "products.stocktype", "pk": 2, "fields": {"source": "STOCK", "default_lead_time": 1}},
{"model": "products.stocktype", "pk": 3, "fields": {"source": "COMM", "default_lead_time": 21}},
{"model": "products.stocktype", "pk": 4, "fields": {"source": "SERV", "default_lead_time": 2}},
{"model": "products.stocktype", "pk": 5, "fields": {"source": "PERS", "default_lead_time": 2}},
{"model": "products.cat6", "pk": 1, "fields": {"cat6_value": "MakeToOrder", "stock_type": "MTO", "default_lead_time": 7}},
{"model": "products.cat6", "pk": 2, "fields": {"cat6_value": "Stock", "stock_type": "STOCK", "default_lead_time": 1}},
{"model": "products.cat6", "pk": 3, "fields": {"cat6_value": "Commission", "stock_type": "COMM", "default_lead_time": 21}},
{"model": "products.cat6", "pk": 4, "fields": {"cat6_value": "SERV", "stock_type": "STOCK", "default_lead_time": 0}},
{"model": "products.cat6", "pk": 5, "fields": {"cat6_value": "Service Item", "stock_type": "SERV", "default_lead_time": 2}},
{"model": "products.cat6", "pk": 6, "fields": {"cat6_value": "Accessory", "stock_type": "ACC", "default_lead_time": 0}},
{"model": "products.review", "pk": 1, "fields": {"user_profile": 6, "product": 2, "title": "Gorgeous  Ring", "body": "I bought this for my gf she absolutely loves it", "review_rating": "5.00", "approved": true, "created_on": "2024-02-29T15:32:08.724Z"}},
{"model": "products.review", "pk": 2, "fields": {"user_profile": 8, "product": 1, "title": "Very chunky ring, looks great", "body": "My 40th birthday gift.  Loved this solid silver chunky look", "review_rating": "5.00", "approved": true, "created_on": "2024-02-29T15:33:17.898Z"}},
{"model": "products.review", "pk": 3, "fields": {"user_profile": 10, "product": 1, "title": "Good value product", "body": "Solid silver good quality item", "review_rating": "3.00", "approved": true, "created_on": "2024-02-29T15:34:10.394Z"}},
{"model": "products.review", "pk": 4, "fields": {"user_profile": 6, "product": 1, "title": "Good gift for a friend", "body": "Bought one for myself and for my pal, love it!", "review_rating": "5.00", "approved": true, "created_on": "2024-02-29T15:35:00.388Z"}},
{"model": "products.review", "pk": 6, "fields": {"user_profile": 6, "product": 30, "title": "Absolutely gorgeous", "body": "Fantastic sparkle from those stones and I love that it is a traditional style", "review_rating": "5.00", "approved": true, "created_on": "2024-02-29T23:13:02.754Z"}}, {"model": "products.review", "pk": 7, "fields": {"user_profile": 1, "product": 33, "title": "Clever", "body": "Good use of both gold and silver", "review_rating": "4.00", "approved": true, "created_on": "2024-03-01T08:25:43.027Z"}}, 
{"model": "products.review", "pk": 8, "fields": {"user_profile": 1, "product": 33, "title": "Lovely mothers day gift", "body": "Bought for my mum, she will love them", "review_rating": "5.00", "approved": true, "created_on": "2024-03-01T08:26:38.596Z"}},
{"model": "products.review", "pk": 9, "fields": {"user_profile": 10, "product": 19, "title": "this is so lush!", "body": "I want one please early Christmas gift", "review_rating": "5.00", "approved": true, "created_on": "2024-03-02T14:13:33.159Z"}},
{"model": "products.review", "pk": 10, "fields": {"user_profile": 13, "product": 6, "title": "Yeah", "body": "Ah yeah go on", "review_rating": null, "approved": false, "created_on": "2024-03-02T22:33:51.296Z"}},
{"model": "products.review", "pk": 11, "fields": {"user_profile": 10, "product": 23, "title": "Gorgeous!", "body": "What a fantastic sparkler", "review_rating": null, "approved": false, "created_on": "2024-03-03T18:17:45.696Z"}}]